,A7_1_C1_10,A7_1_C1_8,A7_3_C15_1,A7_3_C15_3,A7_3_C9_3,A8_C2_33,A8_C2_50,A_C1_200,A_C1_30,A_C1_5,A_C2_10,A_C2_200,A_C2_30,A_C2_5,A_C2_60,A_C2_9,A_C6_200,A_C6_5,B_1_C0_1,B_1_C0_10,B_1_C0_16,B_1_C0_200,B_1_C0_30,B_1_C0_4,B_1_C0_5,B_1_C0_60,B_1_C0_9,B_1_C26_202,B_1_C26_30,B_1_C26_60,B_2_C26_202,B_2_C26_30,C_1_C3_202,C_1_C6_202,C_1_C6_30,C_1_C6_60,C_1_C8_202,D1_HOS_C1_27,D1_HOS_C1_37,D1_HOS_C1_41,D1_HOS_C1_49,D3_HOS_C2_30,S2_1_C1_1,S2_1_C1_2,S2_1_C1_21,S2_1_C1_27,S2_1_C1_3,S2_1_C2_2,S2_1_C3_2,S2_1_C3_3,S2_1_C4_2,S2_1_C4_3,S2_1_C7_3,S3_1_C10_14,S3_1_C10_27,S3_1_C2_1,S3_1_C2_14,S3_1_C2_27,S3_1_C2_7,S3_1_C3_1,S3_1_C3_14,S3_1_C3_7,S3_1_C6_1,S3_1_C6_14,S3_1_C6_7,S3_1_C8_1,S3_1_C8_14,S3_1_C8_7,FI_CREAT_DT,FI_NUM,FY_BGN_DT,FY_END_DT,PRVDR_NUM,RPT_REC_NUM,UTIL_CODE,Lat,Lon,"Control type, text","Hospital type, text",Num and Name
,Total,Subtotal,New Cap Related Csts Bldg & Fixtures,Total,Total,Other Adjustments (Summed),Total,Total Salaries,Adults and Pediatrics,Administrative and General,Dietary,Total Salaries,Adults and Pediatrics,Administrative and General,Laboratory,Housekeeping,Total Salaries,Administrative and General,New Capital Buildings and Fixtures,Dietary,Medical Records and Medical Rec. Library,Total,Adults and Pediatrics,Employee Benefits,Administrative and General,Laboratory,Housekeeping,Total  ,Adults and Pediatrics,Laboratory,Total  ,Adults & Pediatrics,Total,Total,Adults & Pediatrics,Laboratory,Total,net of Swing Bed Cost,net of Swing Bed and Private Room Diff,Total Program General Inpatient Routine ,Total Program Inpatient Costs,Adults and Pediatrics,Hospital Street Address,Hospital City,Type of Control of Hospital (See Table I),Urban (1) or Rural (2),Hospital Name ,Hospital State,Hospital Zip Code,Provider's actual MSA or CBSA,Hospital County,Hospital Type,Hospital Title 18 Payment System (P/T/O),Total Hospital Interns & Residents,Total Facility FTEs ,Hospital Adults & Pediatrics,Total Hospital,Total Facility,Total,Hospital Adults & Pediatrics,Total Hospital,Total Hospital,Hospital Adults & Pediatrics,Total Hospital,Total Adults & Peds,Hospital Adults & Pediatrics,Total Hospital,Total Adults & Pediatrics,Fiscal Intermediary/MAC Create Date,Fiscal Intermediary Number,Fiscal Year Begin Date ,Fiscal Year End Date ,Hospital Provider Number ,Report Record Number,Utilization Code (L/N/F),Lat,Lon,"Control type, text","Hospital type, text",Num and Name
,ANALYSIS OF CHANGES IN NEW CAPITAL BALANCES,ANALYSIS OF CHANGES IN NEW CAPITAL BALANCES,RECONCILIATION OF CAPITAL COST CENTERS,RECONCILIATION OF CAPITAL COST CENTERS,RECONCILIATION OF CAPITAL COST CENTERS,ADJUSTMENTS,ADJUSTMENTS,TRIAL BALANCE OF EXPENSE ACCOUNTS,TRIAL BALANCE OF EXPENSE ACCOUNTS,TRIAL BALANCE OF EXPENSE ACCOUNTS,TRIAL BALANCE OF EXPENSE ACCOUNTS,TRIAL BALANCE OF EXPENSE ACCOUNTS,TRIAL BALANCE OF EXPENSE ACCOUNTS,TRIAL BALANCE OF EXPENSE ACCOUNTS,TRIAL BALANCE OF EXPENSE ACCOUNTS,TRIAL BALANCE OF EXPENSE ACCOUNTS,TRIAL BALANCE OF EXPENSE ACCOUNTS,TRIAL BALANCE OF EXPENSE ACCOUNTS,COST ALLOCATION,COST ALLOCATION,COST ALLOCATION,COST ALLOCATION,COST ALLOCATION,COST ALLOCATION,COST ALLOCATION,COST ALLOCATION,COST ALLOCATION,COST ALLOCATION,COST ALLOCATION,COST ALLOCATION,ALLOCATION OF NEW CAPITAL COSTS,ALLOCATION OF NEW CAPITAL COSTS,COMPUTATION OF RATIO OF COST TO CHARGES,COMPUTATION OF RATIO OF COST TO CHARGES,COMPUTATION OF RATIO OF COST TO CHARGES,COMPUTATION OF RATIO OF COST TO CHARGES,COMPUTATION OF RATIO OF COST TO CHARGES,COMPUTATION OF INPATIENT OPERATING COSTS,COMPUTATION OF INPATIENT OPERATING COSTS,COMPUTATION OF INPATIENT OPERATING COSTS,COMPUTATION OF INPATIENT OPERATING COSTS,INPATIENT ANCILLARY SERVICE COST APPORTIONMENT,,,,,,,,,,,,Total Inpatient Days/Outpatient Visits,Total Inpatient Days/Outpatient Visits,NUMBER OF BEDS,NUMBER OF BEDS,NUMBER OF BEDS,NUMBER OF BEDS,BED DAYS AVAILABLE,BED DAYS AVAILABLE,BED DAYS AVAILABLE,Medicare Inpatient Days/Outpatient Visits,Medicare Inpatient Days/Outpatient Visits,Medicare Inpatient Days/Outpatient Visits,Total Inpatient Days/Outpatient Visits,Total Inpatient Days/Outpatient Visits,Total Inpatient Days/Outpatient Visits,HOSPITAL IDENTIFICATION INFORMATION,HOSPITAL IDENTIFICATION INFORMATION,HOSPITAL IDENTIFICATION INFORMATION,HOSPITAL IDENTIFICATION INFORMATION,HOSPITAL IDENTIFICATION INFORMATION,HOSPITAL IDENTIFICATION INFORMATION,HOSPITAL IDENTIFICATION INFORMATION,Lat,Lon,"Control type, text","Hospital type, text",Num and Name
,Column 1 (Beginning Balances) Total (A7_1_C1_10),Column 1 (Beginning Balances) Subtotal (A7_1_C1_8),Column 15 (Total) New Cap Related Csts Bldg & Fixtures (A7_3_C15_1),Column 15 (Total) Total (A7_3_C15_3),Column 9 (Depreciation) Total (A7_3_C9_3),Other Adjustments (Summed) (A8_C2_33),Total (A8_C2_50),Total Salaries (A_C1_200),Adults and Pediatrics (A_C1_30),Administrative and General (A_C1_5),Dietary (A_C2_10),Total Salaries (A_C2_200),Adults and Pediatrics (A_C2_30),Administrative and General (A_C2_5),Laboratory (A_C2_60),Housekeeping (A_C2_9),Total Salaries (A_C6_200),Administrative and General (A_C6_5),Net Expense for Cost Allocation New Capital Buildings and Fixtures (B_1_C0_1),Net Expense for Cost Allocation Dietary (B_1_C0_10),Net Expense for Cost Allocation Medical Records and Medical Rec. Library (B_1_C0_16),Net Expense for Cost Allocation Total (B_1_C0_200),Net Expense for Cost Allocation Adults and Pediatrics (B_1_C0_30),Net Expense for Cost Allocation Employee Benefits (B_1_C0_4),Net Expense for Cost Allocation Administrative and General (B_1_C0_5),Net Expense for Cost Allocation Laboratory (B_1_C0_60),Net Expense for Cost Allocation Housekeeping (B_1_C0_9),Total   (B_1_C26_202),Adults and Pediatrics (B_1_C26_30),Laboratory (B_1_C26_60),Total   (B_2_C26_202),TOTAL CAPITAL COSTS AFTER COST ALLOCATION Adults & Pediatrics (B_2_C26_30),Total (C_1_C3_202),Total (C_1_C6_202),Total Inpatient Charges Adults & Pediatrics (C_1_C6_30),Total Inpatient Charges Laboratory (C_1_C6_60),Total (C_1_C8_202),General Inpatient Routine Service Cost net of Swing Bed Cost (D1_HOS_C1_27),General Inpatient Routine Service Cost net of Swing Bed and Private Room Diff (D1_HOS_C1_37),Total Program General Inpatient Routine  (D1_HOS_C1_41),Total Program Inpatient Costs (D1_HOS_C1_49),Adults and Pediatrics (D3_HOS_C2_30),Hospital Street Address (S2_1_C1_1),Hospital City (S2_1_C1_2),Type of Control of Hospital (See Table I) (S2_1_C1_21),Urban (1) or Rural (2) (S2_1_C1_27),Hospital Name  (S2_1_C1_3),Hospital State (S2_1_C2_2),Hospital Zip Code (S2_1_C3_2),Provider's actual MSA or CBSA (S2_1_C3_3),Hospital County (S2_1_C4_2),Hospital Type (S2_1_C4_3),Hospital Title 18 Payment System (P/T/O) (S2_1_C7_3),Total Hospital Interns & Residents (S3_1_C10_14),Total Facility FTEs  (S3_1_C10_27),Hospital Adults & Pediatrics (S3_1_C2_1),Total Hospital (S3_1_C2_14),Total Facility (S3_1_C2_27),Total (S3_1_C2_7),Hospital Adults & Pediatrics (S3_1_C3_1),Total Hospital (S3_1_C3_14),Total Hospital (S3_1_C3_7),Hospital Adults & Pediatrics (S3_1_C6_1),Total Hospital (S3_1_C6_14),Total Adults & Peds (S3_1_C6_7),Hospital Adults & Pediatrics (S3_1_C8_1),Total Hospital (S3_1_C8_14),Total Adults & Pediatrics (S3_1_C8_7),Fiscal Intermediary/MAC Create Date (FI_CREAT_DT),Fiscal Intermediary Number (FI_NUM),Fiscal Year Begin Date  (FY_BGN_DT),Fiscal Year End Date  (FY_END_DT),Hospital Provider Number  (PRVDR_NUM),Report Record Number (RPT_REC_NUM),Utilization Code (L/N/F) (UTIL_CODE),Lat,Lon,"Control type, text","Hospital type, text",Num and Name
6710,1.0,1.0,1548667.0,1809446.0,651021.0,-2879288.0,-6308379.0,10984666.0,5268377.0,3712855.0,383370.0,13163736.0,776792.0,7162404.0,,30957.0,-6308379.0,-5762067.0,1548667.0,577466.0,297614.0,17840023.0,6072085.0,1949091.0,4500171.0,,185282.0,17840023.0,15126715.0,,1831967.0,1387622.0,17091627.0,53612400.0,53612400.0,,61679150.0,15126715.0,15126715.0,1094725.0,1094725.0,3846400.0,2695 NORTH CRAYCROFT ROAD,TUSCON,4,1.0,PALO VERDE BEHAVIORAL HEALTH,AZ,85712,46060,PIMA,4.0,P,169.5,169.5,84.0,84.0,84.0,84.0,30660.0,30660.0,30660.0,1789.0,1789.0,1789.0,24720.0,24720.0,24720.0,2020-02-11 00:00:00,12001,2018-09-01 00:00:00,2019-08-31,034030,664454.0,F,32.255891,-110.875276,Voluntary non-profit - Private,Psychiatric,PALO VERDE BEHAVIORAL HEALTH (034030)
11159,1.0,1.0,1229070.0,1476317.0,1451061.0,-881413.0,-3738059.0,9924040.0,4589842.0,3291753.0,357435.0,10904930.0,1443413.0,5864153.0,,33328.0,-3738059.0,-3712864.0,1229070.0,555189.0,258801.0,17090911.0,6033255.0,1926811.0,4154522.0,,180024.0,17090911.0,15196144.0,,1495482.0,1268925.0,16421853.0,48953350.0,48953350.0,,54131350.0,15196144.0,15196144.0,1012446.0,1012446.0,3261550.0,2695 NORTH CRAYCROFT ROAD,TUSCON,4,1.0,PALO VERDE BEHAVIORAL HEALTH,AZ,85712,46060,PIMA,4.0,P,164.21,164.21,84.0,84.0,84.0,84.0,30660.0,30660.0,30660.0,1517.0,1517.0,1517.0,22769.0,22769.0,22769.0,2019-11-15 00:00:00,12001,2017-09-01 00:00:00,2018-08-31,034030,658896.0,F,32.255891,-110.875276,Voluntary non-profit - Private,Psychiatric,PALO VERDE BEHAVIORAL HEALTH (034030)
16196,1.0,1.0,976936.0,1220530.0,1128845.0,-12181.0,-2207721.0,9218374.0,4228509.0,3114105.0,326582.0,9556566.0,1686089.0,4385210.0,,39260.0,-2207721.0,-2067922.0,976936.0,518080.0,270960.0,16567219.0,5914598.0,1736213.0,4544730.0,,185958.0,16567219.0,15090853.0,,1236785.0,1081252.0,15806534.0,44287850.0,44287850.0,,47899398.0,15090853.0,15090853.0,1239085.0,1239085.0,3631350.0,2695 NORTH CRAYCROFT ROAD,TUSCON,4,1.0,PALO VERDE BEHAVIORAL HEALTH,AZ,85712,46060,PIMA,4.0,P,,,84.0,84.0,84.0,84.0,30660.0,30660.0,30660.0,1692.0,1692.0,1692.0,20607.0,20607.0,20607.0,2018-12-20 00:00:00,12001,2016-09-01 00:00:00,2017-08-31,034030,639760.0,F,32.255891,-110.875276,Voluntary non-profit - Private,Psychiatric,PALO VERDE BEHAVIORAL HEALTH (034030)
22308,1.0,1.0,1271420.0,1511956.0,1384319.0,-28974.0,-2102417.0,8383645.0,3873265.0,2701707.0,330592.0,8642757.0,783748.0,4579106.0,,28275.0,-2102417.0,-2082012.0,1271420.0,498687.0,176744.0,14923985.0,4657013.0,1723695.0,4064006.0,,151141.0,14923985.0,13625351.0,,1527746.0,1330467.0,14147972.0,40929550.0,40929550.0,,43237546.0,13625351.0,13625351.0,1314723.0,1314723.0,3872150.0,2695 NORTH CRAYCROFT ROAD,TUSCON,4,1.0,PALO VERDE BEHAVIORAL HEALTH,AZ,85712,46060,PIMA,4.0,P,,,84.0,84.0,84.0,84.0,30744.0,30744.0,30744.0,1837.0,1837.0,1837.0,19038.0,19038.0,19038.0,2018-04-09 00:00:00,12001,2015-09-01 00:00:00,2016-08-31,034030,624807.0,F,32.255891,-110.875276,Voluntary non-profit - Private,Psychiatric,PALO VERDE BEHAVIORAL HEALTH (034030)
26812,1.0,1.0,283630.0,302274.0,255982.0,-13.0,-563139.0,1825408.0,764548.0,686763.0,88983.0,1712448.0,129644.0,1017634.0,,30625.0,-563139.0,-562390.0,283630.0,88234.0,45143.0,2974717.0,894192.0,204805.0,842915.0,,30625.0,2974717.0,2710207.0,,318064.0,273309.0,2811288.0,8624725.0,8624725.0,,9063225.0,2710207.0,2710207.0,327360.0,327360.0,1059950.0,2695 NORTH CRAYCROFT ROAD,TUSCON,4,1.0,PALO VERDE BEHAVIORAL HEALTH,AZ,85712,46060,PIMA,4.0,P,,,41.0,41.0,41.0,41.0,4428.0,4428.0,4428.0,491.0,491.0,491.0,4065.0,4065.0,4065.0,2016-10-07 00:00:00,12001,2014-05-16 00:00:00,2014-08-31,034030,582729.0,F,32.255891,-110.875276,Voluntary non-profit - Private,Psychiatric,PALO VERDE BEHAVIORAL HEALTH (034030)
27838,1.0,1.0,909171.0,989565.0,903914.0,-30006.0,-2473942.0,6503191.0,2748047.0,2358020.0,344703.0,7164657.0,562073.0,4250602.0,,100586.0,-2473942.0,-2468949.0,909171.0,347644.0,134375.0,11193906.0,3310120.0,1353749.0,3058885.0,,122496.0,11193906.0,10112598.0,,1005355.0,863006.0,10529907.0,30138700.0,30138700.0,,31889860.0,10112598.0,10112598.0,1437754.0,1437754.0,4287100.0,2695 NORTH CRAYCROFT ROAD,TUSCON,4,1.0,PALO VERDE BEHAVIORAL HEALTH,AZ,85712,46060,PIMA,4.0,P,,,48.0,48.0,48.0,48.0,17520.0,17520.0,17520.0,1994.0,1994.0,1994.0,14025.0,14025.0,14025.0,2017-02-28 00:00:00,12001,2014-09-01 00:00:00,2015-08-31,034030,594008.0,F,32.255891,-110.875276,Voluntary non-profit - Private,Psychiatric,PALO VERDE BEHAVIORAL HEALTH (034030)
